Title Number,Title Name
Title 1,Top Programming Languages School Students Should Master
Title 2,How To Become A Software Engineer?
Title 3,3 Things I Wish I Knew in My 20s
Title 4,Python program to Convert a Matrix to Sparse Matrix
Title 5,Printer Spooler Problem in Operating System
Title 6,C++ program to create Binary File from the existing Text File
Title 7,How to Build a Simple Alarm Setter Android Application
Title 8,C++ Program to Print the Largest possible Prime Number from a given number
Title 9,Data Transfer Object (DTO) in Spring MVC with Example
Title 10,Python program to multiply all numbers in the list
Title 11,Curse of Dimensionality in Machine Learning
Title 12,Java Program to Convert Byte Array to String
Title 13,NPCI Interview Experience for Graduate Engineer Trainee (GET) (Off-Campus) 2022
Title 14,Reliance JIO Interview Experience (On-Campus) 2023
Title 15,Sopra Steria Interview Experience
Title 16,Bidgely Interview Experience
Title 17,Razorpay Interview Experience for SDE (On-Campus) 2022
Title 18,Coditas Technologies Interview Experience
Title 19,Create Array by replacing any element with its immediate smaller neighbour
Title 20,Find last element of Array by rotating and deleting N-K+1 element
Title 21,What is a Memory Heap?
Title 22,Print the pattern 1*2*5*6 â€“3*4
Title 23,Check if Array with mean X can be made using N elements of given Array
Title 24,How to clear elements from a Stack efficiently?
Title 25,Complete Interview Preparation- Self Paced Course
Title 26,Data Structures & Algorithms- Self Paced Course
Title 27,"Practice Problems, POTD Streak, Weekly Contests & More!"
